angle,pair,rre,rte,rmse,time
10,0,0.0346891776195269,0.0008860466046796,0.0009201061336965,5.789657609071583
10,1,0.1934082776009256,0.001139906722351,0.0019918930582529,5.453657524194568
10,2,0.3150047303934557,0.0020217478590206,0.0035048802205025,5.505222315900028
10,3,0.5679895556133638,0.0022173074822338,0.0050341135350248,5.451190272346139
10,4,0.0971824321340605,0.0024380688750581,0.002344917785133,5.452839083038271
10,5,1.2569090948940826,0.0083754448609265,0.0112328596235394,5.503808837849647
10,6,0.1684906118130593,0.0010119456502498,0.0016444984043752,5.460271717980504
10,7,0.0869504923830977,0.00077879257156,0.0009948044354922,5.508026850875467
10,8,0.3463194744739998,0.0017967304046388,0.0029267389501845,5.4476533411070704
10,9,0.3322320212722249,0.0008031288463769,0.0025309947672567,5.510929272975773
10,10,0.2319800362432492,0.001447976329482,0.0020332303817146,5.453248450998217
10,11,0.234631232641994,0.0015320795246583,0.0027972184057816,5.501947168260813
10,12,0.5291027906689266,0.0024617748752066,0.0049644422224484,5.447492155712098
10,13,0.1511865102476107,0.0015833130654372,0.0019670307623665,5.507341914344579
10,14,0.2043142898919366,0.0014618686616528,0.0025307110283511,5.456280252896249
10,15,0.1505443819155322,0.0017881068704786,0.0019626421635891,5.504269571043551
10,16,0.1491575672985658,0.0016363520943486,0.0021636142752637,5.456559425685555
10,17,0.1176055877473978,0.0013596436521821,0.0017002698199994,5.457754976581782
10,18,0.1450085586367977,0.0015351829139752,0.0019929985253482,5.509033404756337
10,19,0.4949042885498024,0.0027058605982785,0.0043397997057487,5.44651526492089
20,0,0.0356938559178655,0.0008816115282969,0.0009203637338792,5.508944388013333
20,1,0.2052110814857749,0.0011789442542253,0.0020745415048759,5.45594506431371
20,2,0.3199586246532437,0.0021008809899021,0.0035672205606024,5.511846167966723
20,3,0.633708032622336,0.0025578125225849,0.0056226147952006,5.448817302938551
20,4,0.0998669766824587,0.00246602938957,0.0023671013764024,5.508709954097867
20,5,1.269851387284717,0.0084582249892319,0.0113661128430706,5.452572231180966
20,6,0.1681646402541047,0.0010160879353952,0.0016460547429808,5.4531562137417495
20,7,0.0763150563378936,0.0007641167887088,0.0009308076145023,5.5092533440329134
20,8,0.3737135720282213,0.0019938984895983,0.0031581050092398,5.449655142147094
20,9,0.3448447854635807,0.0008521635220624,0.0026174733037077,5.508474822156131
20,10,0.2332172309520002,0.0014455359441594,0.0020442818083217,5.453426458872855
20,11,0.2442935867078855,0.001475844460331,0.0028517233715477,5.508358743041754
20,12,0.5940925539461099,0.002807892188464,0.0055356978021622,5.44877024134621
20,13,0.1416051338783343,0.0015606350656835,0.0019306597555481,5.509501237887889
20,14,0.205249585655463,0.0014641658897888,0.0025391344183939,5.457881710026413
20,15,0.1551381732937573,0.00185134281209,0.0020332415930313,5.506338951177895
20,16,0.1595318040394655,0.0015988427336959,0.0022107047421659,5.453275565989316
20,17,0.1185010923659296,0.0013629751273361,0.0017038712894497,5.513882502913475
20,18,0.1447736628490126,0.0015319741460418,0.0019933406132082,5.45532284816727
20,19,0.5105160887322509,0.0027705753562322,0.0044507167218902,5.447716086637229
30,0,0.0379685827499797,0.0008830363492963,0.0009270581450448,5.5094004473648965
30,1,0.2269375351139537,0.0012643514258671,0.0022324539916485,5.452661601826549
30,2,0.3301146108177409,0.0022527195131777,0.0036916568189372,5.507974466308951
30,3,0.7382790857448068,0.0031234185786081,0.0065773290264484,5.448818347882479
30,4,0.1078828815119535,0.0025308519224515,0.0024244080681256,5.508226405829191
30,5,1.3375639308674945,0.0088567272011179,0.0119847573009618,5.450356483925134
30,6,0.1682897748116601,0.0010245593501567,0.0016533079049538,5.510986553039402
30,7,0.0608035044560177,0.0007521043868537,0.0008484932264328,5.4535543960519135
30,8,0.4243313521176249,0.0023744223791868,0.0035969840339053,5.503054123837501
30,9,0.363935384537521,0.0009237961508333,0.0027493865136919,5.4543376211076975
30,10,0.236643286755906,0.00144265941499,0.0020711160089054,5.455578563734889
30,11,0.2704783950792397,0.0013409515687364,0.0030164634435772,5.502031626645476
30,12,0.7120031973199317,0.003441628910546,0.006594068425544,5.44717355305329
30,13,0.1291487791600165,0.0015343115375712,0.0018953454240668,5.506421069148928
30,14,0.2072427136637995,0.0014689739270222,0.0025569397142142,5.456704575568438
30,15,0.1660688882828095,0.0019875354268538,0.0021883388184932,5.501256959978491
30,16,0.1828055229426934,0.0015232425614054,0.0023226290173635,5.459484491031617
30,17,0.1199301733975727,0.0013691555156685,0.0017096242695313,5.510598779190332
30,18,0.1442524409163781,0.0015266017634473,0.0019942935419336,5.455909311771393
30,19,0.5415261521827026,0.0028957275844332,0.0046812414923788,5.502487759105861
40,0,0.0425189917510329,0.0008911616919075,0.0009448600917273,5.4547229846939445
40,1,0.2632447316868374,0.0014391576942127,0.0025098818170999,5.455709296278656
40,2,0.3497199851891141,0.0025218317212662,0.0039249206981714,5.50043477024883
40,3,0.9034241500515664,0.0040427927578137,0.0081090237548943,5.4481673198752105
40,4,0.1282787187057477,0.0026629992228513,0.0025589498286029,5.502048956695944
40,5,1.4766613227875434,0.0096706110517574,0.0132458381796078,5.451800573151559
40,6,0.169087011545842,0.0010399927274141,0.0016695350232105,5.504573546350002
40,7,0.0390820250177308,0.0007530152670318,0.0007625762673181,5.453633353114128
40,8,0.5170016471661241,0.0031220068259463,0.0044401409540261,5.500607240945101
40,9,0.3929744654223181,0.0010296086999952,0.0029533750868743,5.458546403795481
40,10,0.2438359145173016,0.0014386056494017,0.0021260847554401,5.4540185309015214
40,11,0.3238401595926237,0.001081231034056,0.0034082079061354,5.499438825063407
40,12,0.9246202103620084,0.0046127656810227,0.0085471208420075,5.450230033136904
40,13,0.1114684054633161,0.0015012361831297,0.0018641700813914,5.5056991977617145
40,14,0.2109886970371848,0.0014777961654462,0.0025899999552466,5.456419587135315
40,15,0.1890854750941482,0.0022502352015297,0.0024928328778439,5.504299733787775
40,16,0.2297071929719245,0.0013935428970601,0.0025731419280845,5.456837924197316
40,17,0.1223226615685393,0.0013807649307563,0.0017196375572168,5.507687056902796
40,18,0.1436712346869259,0.0015185327366044,0.0019983424845978,5.457078560255468
40,19,0.5944705463092367,0.0031156590849642,0.005089551059616,5.500118566211313
50,0,0.0518062318514692,0.0009086368512057,0.0009877102124904,5.45429538981989
50,1,0.3233820078721678,0.0017924267316371,0.00299754177108,5.502986848820001
50,2,0.3880886796296051,0.0030009832912228,0.0043691543474944,5.451401009224355
50,3,1.1705354280816869,0.0055554461270342,0.0106212753334832,5.442946163006127
50,4,0.178623615807773,0.0029469573064566,0.0028986324927353,5.51027868129313
50,5,1.723530178675873,0.0111197558297018,0.0154952765287929,5.4430150850676
50,6,0.1712083224395197,0.0010684083196767,0.0017031672654771,5.513032984919846
50,7,0.0294194944948916,0.0007998694459551,0.0007623696509566,5.445946656167507
50,8,0.6970124726043279,0.0047682769128047,0.0062335609378949,5.505202409811318
50,9,0.4379899893413967,0.0011886040703438,0.0032769392037136,5.447166014928371
50,10,0.2587873576520632,0.0014316245716176,0.0022414644796761,5.512321007903665
50,11,0.4299869973039087,0.0006769964619714,0.0043467118083377,5.438072318211198
50,12,1.3221143178641563,0.0068331501463575,0.012284441854695,5.504357053898275
50,13,0.0941649520777825,0.0014719172730187,0.0018837246755985,5.446567945647985
50,14,0.2180974271397296,0.0014942148434387,0.0026518869389983,5.461309187114239
50,15,0.2370497293605741,0.0027653469203598,0.003095312157559,5.495555841363967
50,16,0.3217532903669018,0.0011902072358103,0.0031356760588505,5.456860265228897
50,17,0.1266686888764973,0.0014048123934358,0.0017394972605706,5.5034748781472445
50,18,0.1439177031689484,0.001507734998879,0.002013434577964,5.457876496016979
50,19,0.6818789967235933,0.0035037820271679,0.0057926926651215,5.497398904059082
60,0,0.0714319058433687,0.0009426257158647,0.0010974922437723,5.457231762353331
60,1,0.4263253545014968,0.0025080154834967,0.0038869586402285,5.496528019197285
60,2,0.4648416549922227,0.0038859808335593,0.0052458619160922,5.45419445913285
60,3,1.6181055504362818,0.0080685913159365,0.0148676201086018,5.493191457819194
60,4,0.3065234186828107,0.0036572439711532,0.0038762533357515,5.452853966038674
60,5,2.155300376740836,0.0136729184418735,0.0194748807102611,5.44369625672698
60,6,0.1767341884382063,0.0011248950347634,0.0017784940887348,5.506490109022707
60,7,0.0891876278574455,0.0009835400169037,0.0011086247105033,5.451178641058505
60,8,1.085416619884666,0.0091133507733923,0.0108453506072911,5.506101668812335
60,9,0.5099247825288064,0.0014328813357878,0.0038086365697687,5.452121118083596
60,10,0.2926426502339745,0.001415918012225,0.0025128874695025,5.505998644046485
60,11,0.6518858583918956,0.0012971368024789,0.0066661681180581,5.442781654186547
60,12,2.090436026265845,0.0111268967252467,0.0196866903441792,5.496686132159084
60,13,0.160378787708856,0.0015858014255313,0.0022841251161884,5.449945064261556
60,14,0.2325686441104951,0.0015281306376127,0.0027767794989004,5.511058167088777
60,15,0.3396033330464809,0.0038501547959999,0.0043575628011218,5.450592697132379
60,16,0.5044744262113497,0.0009509239642753,0.0044032666254253,5.505883544217795
60,17,0.1356900641143547,0.0014649618556364,0.0017884434009299,5.454872807953507
60,18,0.148766722135243,0.0014992188999657,0.0020695849893535,5.451207639183849
60,19,0.8270852223863385,0.0042203223409262,0.0070208959954416,5.4969053328968585
70,0,0.1155140347853478,0.0010161479110137,0.0014100595279379,5.4524157820269465
70,1,0.6141511883279994,0.0040106546159387,0.0056226773696515,5.501481274142861
70,2,0.6176155595149803,0.005613610097704,0.0070333236708779,5.446848721243441
70,3,2.390433332198125,0.012258082782827,0.0222467244002243,5.501511866226792
70,4,0.6864860041463396,0.0059092059505046,0.0072007092677606,5.443842947948724
70,5,2.949595601653752,0.018378993497946,0.0269130789781758,5.496721494011581
70,6,0.1940908027008369,0.0012539749672612,0.0019844105134249,5.45037108939141
70,7,0.2222610181388507,0.0015067826777421,0.0021625064953852,5.447847203351557
70,8,2.0920178937423795,0.0230263740204489,0.0260514308323673,5.493887727148831
70,9,0.6300811881184075,0.0018190703257116,0.0047253668743812,5.4468299630098045
70,10,0.3829591540729364,0.0013648126133989,0.0032871378911695,5.4999614167027175
70,11,1.144131075029677,0.0050450503541719,0.0125433737106307,5.444110418204218
70,12,3.566360873533658,0.0199829786236923,0.034526532331619,5.4959551827050745
70,13,0.5449319823084308,0.0027996417529386,0.0048016461376313,5.446028060279787
70,14,0.2656672958495544,0.0016163514560182,0.0030664624357254,5.504306572955102
70,15,0.574324898887632,0.0063988306317511,0.007285643059428,5.441310496069491
70,16,0.8892383933455199,0.0010993286995483,0.0073159282071615,5.500150372739881
70,17,0.1593688049484092,0.0016750025008864,0.0019658029918494,5.452979621011764
70,18,0.1768319913274599,0.0015424770162313,0.0023141862521838,5.506997432094067
70,19,1.0754412871528478,0.0056066624817467,0.0092410061685149,5.445733090862632
80,0,0.2311373752519799,0.001216190795536,0.002420178926762,5.4449710813350976
80,1,0.9788660354876344,0.0074517980030954,0.0093828818638681,5.496726851910353
80,2,0.9088549862450088,0.0092851909597498,0.0108212081219775,5.4455135790631175
80,3,3.793170112972162,0.0195191823179764,0.035662908384486,5.499778599943966
80,4,2.245487340847124,0.0155017100098516,0.0218315435713047,5.449522715061903
80,5,4.5875624551676895,0.0277942920187461,0.0425983188025969,5.500873672775924
80,6,0.2722961061497652,0.0016285734556699,0.0028014696740873,5.446831275708973
80,7,0.5048492160558081,0.0028039291016216,0.0046285572397686,5.498307715170085
80,8,6.810021998209758,0.0745250325145239,0.0916403021342693,5.440715524833649
80,9,0.8453051595172971,0.0024608561661383,0.0064279052263903,5.502088047098368
80,10,0.6926830386542786,0.0011993967629266,0.0061598713530138,5.442545983940363
80,11,2.4594557420642675,0.018877595999286,0.0300113110186448,5.439496939070523
80,12,6.411097217384866,0.0390437547919545,0.0643729325657984,5.4902483080513775
80,13,2.290196910744135,0.0088121949880483,0.0177968600390825,5.445043393410742
80,14,0.3550850618578242,0.0019782157609645,0.0039177341651215,5.498808494769037
80,15,1.2042870800594436,0.013660356053669,0.0155507037888473,5.441231766715646
80,16,1.7828398311678908,0.0023420489158414,0.0144300643785117,5.495378066785634
80,17,0.2553294173429477,0.0029756350188068,0.0031896370931374,5.448444550856948
80,18,0.339018669474662,0.0022451713923764,0.0038103390098841,5.499839108902961
80,19,1.523649714520129,0.0083414048469989,0.0134336913374912,5.445641166996211
90,0,0.7081596182780595,0.0021120787863123463,0.007245104996778458,5.496142070740461
90,1,1.655824234043309,0.016202124073337848,0.018437846974824597,5.442171315196902
90,2,1.4128359361219125,0.016974380513792423,0.018692753146321517,5.442285182885826
90,3,6.528469023501363,0.03262099413793827,0.06122746202924956,5.491369692143053
90,4,138.62354228663727,0.24016244491465133,1.0684131074001741,5.440694630146027
90,5,8.82301486748162,0.052291331590477386,0.0860667148021234,5.4876335891895
90,6,0.802450238926606,0.004081477633537772,0.008541827306542096,5.445072498172522
90,7,1.1651781075079348,0.00594673526992243,0.010510874675648905,5.49252450093627
90,8,148.78010952597785,0.3295937604116851,1.0920885611623938,5.448503578081727
90,9,1.2851969120005606,0.0037337471821900915,0.010058162385093673,5.4964620671235025
90,10,2.423242300449087,0.005827330796663686,0.022661745520849708,5.439941704273224
90,11,10.114776774468288,0.09268416639705203,0.11857435593890987,5.4498415272682905
90,12,11.780333454037262,0.07683202621997967,0.12498648420558946,5.490815393161029
90,13,12.574604463995632,0.033249146399398535,0.09603903239748826,5.440455294214189
90,14,0.6817964009549741,0.004364352009351169,0.007730008585811613,5.493959600105882
90,15,3.9521621032466987,0.04920513430896898,0.055419520535820936,5.441206707153469
90,16,4.094945342509616,0.00553053664365469,0.03310539061420874,5.491807149723172
90,17,2.108424862748654,0.024469160600584045,0.0272847548117558,5.440516171045601
90,18,171.24859194711513,0.3416910796635487,0.834684892231112,5.490071618929505
90,19,2.3776652732313455,0.013477371308116388,0.0215485675981854,5.445210284087807
