sigma,pair,rre,rte,rmse,time
0.01,0,22.900389296449667,0.5583343615486714,0.5456998921749466,0.0986801818944513
0.01,1,39.199075713094366,0.3579559028039218,0.5542799457705329,0.1204592208378017
0.01,2,23.047735434406142,0.2690349710357951,0.3815135513445633,0.1160357096232473
0.01,3,22.521731492446936,0.297946051989262,0.3661134881751468,0.2090894877910614
0.01,4,28.52928005630721,0.3440308522343452,0.3894107718799824,0.1097032912075519
0.01,5,31.189152379984343,0.269971532230104,0.3989215247806908,0.1036306377500295
0.01,6,29.278022584958585,0.365680048561077,0.4865707308956237,0.0985590410418808
0.01,7,25.331994298232846,0.3655700926902877,0.4256390072884742,0.1102433810010552
0.01,8,40.20509319903675,0.3507930358120287,0.5092066652354638,0.1034815991297364
0.01,9,30.68704623534164,0.3890186316157353,0.5162367037349402,0.1054934356361627
0.01,10,30.523469729012007,0.4011288405475862,0.5170108880255906,0.1082988418638706
0.01,11,29.49533522897629,0.5367929358744123,0.5743623065384799,0.1040243059396743
0.01,12,18.94150593014101,0.121942158315007,0.1825078346850244,0.1601232611574232
0.01,13,30.992707023581875,0.4833914550321549,0.5126696343345438,0.1139095798134803
0.01,14,25.04712480539369,0.1578909401446301,0.2678148458571498,0.1040534419007599
0.01,15,34.69054999523387,0.335149879005518,0.4774612409969668,0.0995520362630486
0.01,16,24.25403147338172,0.3888728979111613,0.4153423412538621,0.108242972753942
0.01,17,12.92923245371674,0.1427787956641105,0.194253834536668,0.1061683688312769
0.01,18,27.039606766518364,0.3999491654717294,0.4821237307837415,0.146386164240539
0.01,19,37.56177748897736,0.3676238985131755,0.4227755704654338,0.11097630020231
0.02,0,22.937997376050618,0.5636829169642005,0.550764753808491,0.1428351486101746
0.02,1,38.56171010208484,0.3594679834416546,0.5525071355132714,0.1129540409892797
0.02,2,22.65821341318416,0.273223428313638,0.3799606326331814,0.1258203079923987
0.02,3,24.20736605178654,0.2913150672492949,0.3656980036873619,0.1508634281344711
0.02,4,28.77221896159788,0.3413082910589149,0.3880236650309413,0.145412728190422
0.02,5,30.94123385581885,0.2680760278067579,0.3955441831084347,0.1008948488160967
0.02,6,29.941782598074155,0.3624376233726549,0.4872249614842516,0.1019307509995997
0.02,7,25.17390428339684,0.3632068799784436,0.4229696322168096,0.1145372721366584
0.02,8,39.63675091078112,0.3506804512992261,0.5080301878417212,0.1027829181402921
0.02,9,31.593835032024348,0.3765709535520881,0.5136795160778248,0.0998543621972203
0.02,10,29.68583513950416,0.4023662598852451,0.5146880245026308,0.1127976197749376
0.02,11,27.82340451173248,0.5187931593845184,0.5517959501303671,0.1059236489236354
0.02,12,19.16883975062249,0.1283744631998046,0.1880101869387404,0.102984010707587
0.02,13,27.76580249225725,0.4817899663450847,0.5015433911220609,0.100956963840872
0.02,14,24.60492892817144,0.1643292990351963,0.2661998705627507,0.1022627246566116
0.02,15,34.59144490630658,0.325484433296244,0.4721172378650592,0.1601115609519183
0.02,16,24.19937119602978,0.3772927493481073,0.403176938163048,0.1014119242317974
0.02,17,13.531229437077352,0.1460946326456721,0.2014865951466493,0.1309383632615208
0.02,18,26.66065308902373,0.4013889086662884,0.4826786433829202,0.1507874396629631
0.02,19,36.23415134148403,0.3595138740991138,0.4129171177830404,0.1766930841840803
0.03,0,21.94869473235441,0.5599103203424306,0.5460927329986697,0.1059240847826004
0.03,1,37.437056832296285,0.3617259922305229,0.5482498678823193,0.1027282811701297
0.03,2,22.35658256217411,0.2761960424490844,0.3797537781594859,0.1442365110851824
0.03,3,25.064884504975872,0.2867273767000967,0.3658867402303215,0.1025244430638849
0.03,4,28.56788055708742,0.3412178427923352,0.3861464151547475,0.1025818660855293
0.03,5,28.533918879997778,0.2533736726356067,0.3687979134682058,0.1067400709725916
0.03,6,30.54760765006072,0.3606189211951979,0.4894896496500858,0.1070317109115421
0.03,7,26.06438541624007,0.3566033676830271,0.4209713372184585,0.1611574739217758
0.03,8,39.24797328223895,0.3351371825564735,0.4953380844847467,0.106136379763484
0.03,9,31.36846893039708,0.3706155507750343,0.5093588428094561,0.1009541866369545
0.03,10,29.433530830982946,0.4071086031526449,0.5180389106001916,0.1038987259380519
0.03,11,28.1476001807931,0.5178248947202946,0.5510481931714188,0.1048468900844454
0.03,12,18.64846531390896,0.1399712336427214,0.1887702893877132,0.1718224762007594
0.03,13,27.88156255409851,0.4802557316764761,0.4999480363922411,0.1043740739114582
0.03,14,23.85695302579332,0.1738542142332515,0.2643222453324373,0.1030031638219952
0.03,15,34.018669682035984,0.3237020853805904,0.4672394762320533,0.1065845466218888
0.03,16,23.642431994676592,0.3820340731645524,0.4032267375943699,0.1048513040877878
0.03,17,14.470334805000704,0.1518159053769519,0.2118444788383501,0.1453060870990157
0.03,18,26.63711827225486,0.3995003396447235,0.4807546870051856,0.1496398262679577
0.03,19,34.565830713686665,0.3567538584633445,0.4068108534976252,0.1029188791289925
0.04,0,21.633458367480795,0.5553523422627282,0.5417499883196327,0.1095886188559234
0.04,1,37.045491207147,0.365374483524353,0.5419227823203987,0.106823512353003
0.04,2,22.43902885842408,0.2800343909080478,0.3847420754327592,0.1914019132964313
0.04,3,25.210261040194577,0.276644484334005,0.3563240277025606,0.1059669568203389
0.04,4,29.33622312699576,0.3496268467161187,0.3950291765197014,0.1077268170192837
0.04,5,27.64172912797796,0.2522879252662771,0.3631055697747499,0.1053819991648197
0.04,6,30.47587053682847,0.3558466307980966,0.4899538984410453,0.1118970569223165
0.04,7,25.850049580387424,0.3508651984783795,0.4144214706415978,0.1022600149735808
0.04,8,37.70265868635263,0.3169507183346395,0.4737329075506706,0.1032695169560611
0.04,9,31.62189472721416,0.3690870646677406,0.5116379485192385,0.1042063278146088
0.04,10,28.47011552526693,0.4080046240087379,0.5173823537296006,0.1079915617592632
0.04,11,28.15262263985264,0.5143321962012238,0.5479948709135054,0.0979251079261303
0.04,12,18.58745682787993,0.1550008254446135,0.19667315068675,0.1031317831948399
0.04,13,26.29250531452004,0.4775894527798056,0.4932451473493899,0.1033476390875876
0.04,14,24.268519752216257,0.1831203203462545,0.272146925422722,0.1467427150346338
0.04,15,34.978243717911376,0.3331692919030253,0.4813885311906823,0.1055632210336625
0.04,16,24.21654378780565,0.3567556455787692,0.3812040060671942,0.1541055361740291
0.04,17,14.825033483536703,0.1582333102569224,0.2189914965212047,0.1144186500459909
0.04,18,26.388013254782305,0.4005936415160112,0.48124766217109,0.1167003796435892
0.04,19,32.01195235148906,0.3517172655840649,0.395489223468316,0.1497709900140762
0.05,0,21.347913003243697,0.5605379069774898,0.5441143785128963,0.10292610060423613
0.05,1,36.70972874370562,0.3660473481836692,0.5425824238765764,0.11631334712728858
0.05,2,22.541698402697484,0.2779123427152382,0.38404907334511423,0.10485264612361789
0.05,3,25.97741083471208,0.2727532095803337,0.354716307931544,0.1435029529966414
0.05,4,29.80586484989093,0.3528842774219257,0.39911485464198326,0.10826830612495542
0.05,5,26.864497832230185,0.2500390338291603,0.3561909789925367,0.10670254286378622
0.05,6,31.65853417744538,0.3441113263794554,0.48804997207191403,0.11088885413482785
0.05,7,26.908393795794133,0.3470437734864529,0.4152963627616281,0.10281712794676423
0.05,8,36.569364388358615,0.30673294332637246,0.4629460580707093,0.15573996305465698
0.05,9,31.347818785540653,0.36765877397688035,0.5085566780727994,0.10356970690190792
0.05,10,27.607117051105266,0.40109459207395437,0.5079631554493492,0.10227947495877743
0.05,11,28.428379757811342,0.5041866601261713,0.5396954408894762,0.10426074033603072
0.05,12,18.772780767573988,0.17204705994334651,0.20717716904974687,0.10412701079621911
0.05,13,27.398302208404072,0.4700885457420767,0.48981257689463636,0.10830047400668263
0.05,14,24.913410101916597,0.19705843783003327,0.2850224288108918,0.1039949469268322
0.05,15,36.1457275228914,0.33162874904691286,0.4897455414385319,0.10411948803812265
0.05,16,25.12706728165425,0.337752216617697,0.3645397186229725,0.10069084679707885
0.05,17,16.000709880539464,0.1647444731110198,0.231250704572818,0.13886601058766246
0.05,18,26.74968744794394,0.3996289710698507,0.48546527539731177,0.10603397293016315
0.05,19,29.90966931708496,0.3556350903896231,0.3915793907372314,0.10725215030834079
