overlap,pair,rre,rte,rmse,time
0.4,0,24.27095072298798,0.1557778471509109,0.2696150915734908,5.387635046616197
0.4,1,44.48268933322058,0.4148033717702395,0.663347782816712,0.1997935627587139
0.4,2,0.4133166456812376,0.0029451209528376,0.0045667479094432,0.2273270329460501
0.4,3,28.73099994393913,0.1186496981273483,0.2556841714201209,0.2144896779209375
0.4,4,0.3834148013857198,0.0077669080572649,0.0089446894645803,0.3904977780766785
0.4,5,0.4647955585252177,0.0038098741698751,0.00569411732228,0.1543369661085307
0.4,6,0.8463558425220163,0.0032064087596461,0.0071469526042111,0.2387198409996926
0.4,7,15.558684160842716,0.2742539015413041,0.3089898238044032,0.1508767716586589
0.4,8,0.365603558119323,0.0050671380957194,0.0063349023304621,0.1603927500545978
0.4,9,23.128695596463288,0.086584205406697,0.2369188560554044,0.1555193490348756
0.4,10,40.153806655840654,0.2563519458709605,0.4971470307117349,0.1642151656560599
0.4,11,19.17415405722888,0.2494938209021489,0.2750819415111474,0.1594835636205971
0.4,12,0.2489621348854407,0.003468010086393,0.0039453340400709,0.1585563323460519
0.4,13,22.7930771202474,0.1562597106713205,0.2490608129490355,0.1564209889620542
0.4,14,9.716415061589338,0.0456270295708236,0.1036447070571961,0.1502612112089991
0.4,15,0.4729815151548001,0.0062553416999576,0.007704012406144,0.1539426823146641
0.4,16,8.27212568500887,0.0738151840571431,0.0942658655794868,0.1574326590634882
0.4,17,0.254522289321736,0.0040667596789711,0.0047147454156993,0.1475493009202182
0.4,18,1.198121710554807,0.0067195486915743,0.0103948893496743,0.1513210502453148
0.4,19,15.09125675378252,0.2235595847918595,0.2239048874267152,0.1596615598537027
0.5,0,22.69979116361083,0.1480923917294862,0.2529546749911339,0.184383972082287
0.5,1,31.1436724714202,0.2528197593511362,0.425963893679426,0.1719150682911276
0.5,2,0.406162450501312,0.0018499018015438,0.0041987616678373,0.1563629619777202
0.5,3,24.19116861521546,0.1209807103111549,0.2239383428771897,0.1585555355995893
0.5,4,0.4300178087191103,0.0046041211252442,0.0067729594893675,0.1673672278411686
0.5,5,0.6228706685825004,0.007870700326906,0.0089411688318367,0.1593052367679774
0.5,6,0.6672694921425293,0.0015726183127909,0.0055243675619846,0.1597000421024859
0.5,7,4.072191099644913,0.0599222083249072,0.0681835587741069,0.1591105661354959
0.5,8,0.6693319048579015,0.0047866572384328,0.0066814727935249,0.159661101642996
0.5,9,19.48343674000308,0.0108723600342297,0.1621916764082127,0.2335289688780903
0.5,10,32.512098469928816,0.265266822397426,0.4470711202200039,0.1585793802514672
0.5,11,16.802885522659807,0.1280043684831163,0.1924247331318717,0.1593260313384235
0.5,12,0.8893636926058254,0.006572189841699,0.0079857575810789,0.1599260782822966
0.5,13,7.924921921912812,0.0466143412626508,0.081048063273086,0.1689780578017234
0.5,14,13.46316345980419,0.0710276993625742,0.1442147738506573,0.1590072549879551
0.5,15,0.3972428765445523,0.0027570624679921,0.0050332321896207,0.157469199039042
0.5,16,4.83773874593444,0.0379351969585739,0.053694993867713,0.1586305149830877
0.5,17,0.5051707652672489,0.0021528878718907,0.0047597058297587,0.1609658789820969
0.5,18,0.4368264409593277,0.0013484047930144,0.0046397274871678,0.1571877282112836
0.5,19,10.697758574258287,0.0713997817125207,0.104615424781378,0.1652509761042893
0.6,0,8.313081550974157,0.0544237262001722,0.0945236239332444,0.1700657671317458
0.6,1,26.745768322841503,0.2070257782751318,0.3643406539120002,0.1682901070453226
0.6,2,0.6583560361771004,0.0023069665836632,0.0058390267069901,0.1577739892527461
0.6,3,16.504082300543118,0.0873205631719714,0.1610277440778722,0.1675586719065904
0.6,4,0.4117770076837751,0.0049116241891329,0.0069089465663829,0.1678923461586237
0.6,5,0.4377624372924558,0.0058403071018628,0.0064655773533389,0.1764858546666801
0.6,6,0.2362719893725239,0.0035838767151362,0.0042890825110854,0.1675146659836173
0.6,7,1.1469427575387248,0.0161852752464695,0.0179861755307557,0.166632676962763
0.6,8,1.2241233105324216,0.0059645306134317,0.0108669161682296,0.1751016722992062
0.6,9,16.679276563343183,0.0080238806742016,0.1375223738159378,0.1765547371469438
0.6,10,33.518708531321586,0.239157893898771,0.4358444187952663,0.1675691772252321
0.6,11,25.312200017775613,0.2300841573446473,0.3054314425356936,0.1650398881174624
0.6,12,0.8951283704758867,0.0059910801148224,0.0081847670055632,0.1676224316470325
0.6,13,10.667557334873695,0.0698565904374987,0.1127155347571057,0.1671904162503779
0.6,14,19.008658829505865,0.1063059761274558,0.2032803160937947,0.1768622249364853
0.6,15,0.2005124249439858,0.0012936213442881,0.0019835578320747,0.1743470821529626
0.6,16,4.941767942011372,0.0310024753426382,0.0479439427412676,0.2468047961592674
0.6,17,0.3877004633405175,0.0018434749064379,0.0042942544758096,0.1617403011769056
0.6,18,0.4951774461283998,0.0033599011644753,0.0051601477884966,0.1680506481789052
0.6,19,6.988029739212458,0.0430127162553046,0.0646544652331056,0.1725876661948859
0.7,0,4.816628665183724,0.032827494711694,0.0547772605440747,0.1844506156630814
0.7,1,24.106252075477087,0.1993238647180986,0.344988274448772,0.1874661729671061
0.7,2,0.2977656629857706,0.0025778717705114,0.0035494272603345,0.1684260969050228
0.7,3,14.322080230168083,0.0744816642966634,0.1335863260319622,0.175756115000695
0.7,4,0.3572603331854342,0.0034369221162935,0.0046337897135457,0.1831931439228356
0.7,5,0.2890482598176275,0.0045148640444015,0.0052399953243339,0.1766716111451387
0.7,6,0.22707532035337,0.0035050389740389,0.0043681589769381,0.1823099567554891
0.7,7,0.4962185407979104,0.007379970673701,0.0076677879293461,0.1760982349514961
0.7,8,9.01698095246027,0.0425289884312116,0.0880724018061363,0.1775447400286793
0.7,9,16.242854616409126,0.0163613228229355,0.1314357420490839,0.175619042944163
0.7,10,28.76201640859473,0.1954527857438582,0.3680581874565837,0.1775031769648194
0.7,11,23.359854458226465,0.1692067787746274,0.2624958229887092,0.1824556519277393
0.7,12,0.7353576562188694,0.004718895761596,0.0060852353554893,0.175958533771336
0.7,13,10.03046446649717,0.0770097871349268,0.1081696983363315,0.1803840310312807
0.7,14,20.12116742806228,0.1091784728479356,0.2135881014130032,0.1796140577644109
0.7,15,0.4221745455700301,0.0028828133283729,0.0040467991181282,0.1769345770590007
0.7,16,16.59235864096978,0.0692131368631182,0.1334782409048335,0.1767566157504916
0.7,17,0.2610271986928426,0.0014624926668348,0.0025509747832217,0.1719954251311719
0.7,18,0.3697405926897832,0.0025475472462042,0.004536699702471,0.1758847548626363
0.7,19,1.008924852439658,0.0066978324285363,0.0091168024006401,0.1881456649862229
0.8,0,2.75178631645266,0.0188444362524447,0.0313006622592751,0.1889945119619369
0.8,1,18.51366979472802,0.1229807330058784,0.2440979157093331,0.1883886982686817
0.8,2,0.3660588987315703,0.0019300421255831,0.0038660840206191,0.186838136985898
0.8,3,12.423802504700022,0.0636329945621361,0.1082944502862001,0.1888212440535426
0.8,4,0.5857208273387094,0.0054185445264696,0.0066047379349916,0.1889737648889422
0.8,5,0.3516389085702631,0.0027418627754344,0.0047368890670737,0.1864490350708365
0.8,6,0.4031106736182038,0.002901366951488,0.0044471594606434,0.2671030247583985
0.8,7,0.2231342531208829,0.0019704775096127,0.0027178315728946,0.1872388543561101
0.8,8,24.4382108421919,0.125876863074782,0.2564868871402787,0.1880650287494063
0.8,9,13.906968817641763,0.0185083285900894,0.1121546705752242,0.1956080179661512
0.8,10,24.23384138929117,0.1245024285606774,0.2766365095252226,0.1852526091970503
0.8,11,19.411731369193777,0.1323020457993093,0.2143343053057843,0.194578577298671
0.8,12,0.1959662078299646,0.00191324599441,0.0023280678694731,0.1878860928118229
0.8,13,8.415940963490801,0.0513982480446925,0.0840910383151556,0.1956649031490087
0.8,14,24.151399124555844,0.1427853263986284,0.2607689199466895,0.18745904462412
0.8,15,0.7742247096439754,0.0038928791381852,0.0065087090261372,0.1870627277530729
0.8,16,4.128322058575163,0.0200948845862512,0.0347493784552133,0.1923160930164158
0.8,17,0.2193435733112782,0.0025282602864322,0.0029577878548433,0.1876490451395511
0.8,18,0.3998577982319991,0.0016694747838207,0.0037461546528168,0.1862139222212135
0.8,19,2.298440343909008,0.0145514689152867,0.0212592529829824,0.188062238972634
0.9,0,1.0010171958609881,0.006910812333214148,0.01112926441711553,0.20161313377320766
0.9,1,12.238138779848175,0.061708099138934575,0.14351809891795225,0.201152834109962
0.9,2,0.4732391078822913,0.0009018969171722957,0.004419929759300872,0.19768076902255416
0.9,3,5.677823517953732,0.02224711499050722,0.04678026348581781,0.1988619533367455
0.9,4,0.6798197705547866,0.0044443314457045194,0.007214139525835227,0.2081854408606887
0.9,5,0.36466706247425584,0.003076939234998979,0.004388483830161053,0.20494589023292065
0.9,6,3.0672736230802196,0.008199755227830901,0.027357573713535067,0.19807965587824583
0.9,7,0.2703649468939413,0.0021165803928273226,0.003141964007109618,0.20829174481332302
0.9,8,27.14414114294283,0.14559657873043683,0.2864585147986292,0.19766971189528704
0.9,9,13.967037491175624,0.02315116163768479,0.11472609994276241,0.1976270959712565
0.9,10,11.722793263659053,0.03774542346281564,0.12533851454764397,0.19737817300483584
0.9,11,25.888568007672518,0.1776862718210903,0.28592909768923674,0.2034947331994772
0.9,12,0.30363897404339446,0.002515496516443452,0.002783885011570857,0.20180387003347278
0.9,13,7.1117295922959185,0.03955437891292648,0.0675431489400838,0.19564616028219461
0.9,14,20.659092317414547,0.11872033021476777,0.22183547260744646,0.19670453015714884
0.9,15,0.9437215903560412,0.003070735135994123,0.008670349403056958,0.20697144512087107
0.9,16,11.159817800328828,0.04721052530101371,0.09194381146137476,0.1971265682950616
0.9,17,0.223641491113163,0.0010737937880334314,0.0023765075916545374,0.203403664752841
0.9,18,0.5639266237773722,0.003545779462254569,0.006302760898095271,0.2015176648274064
0.9,19,9.124505462866708,0.060348328463754645,0.09562758826241444,0.19990362599492073
